modelo,rmse,mae,mape,r2
SVR otimizado,4088.013688336659,2499.6777836807896,12.603152804713927,0.937377597478565
