modelo,rmse,mae,mape,r2
GRU,3987.3680260133888,2540.108268425862,12.758630989285688,0.9404231294643146
