Modelo,Configuracao,MAE,RMSE,R2
ARIMA,"(8, 0, 8)",6710.275488082374,11852.358926169412,0.502232752901407
