modelo,protocolo,MAE,RMSE,MAPE_%,R2
"SARIMAX(1, 0, 2)(1, 1, 1, 7)",bloco_unico_204,6488.289942764645,10278.585968840049,68.25831708709043,0.6256451427608214
